{"cameraMode":{"drawMode":0,"name":"Shaded","section":"Shading Mode"},"sceneLighting":false,"audioPlay":false,"sceneViewState":{"showFog":true,"showMaterialUpdate":false,"showSkybox":false,"showFlares":true,"showImageEffects":true,"showParticleSystems":true},"in2DMode":false,"pivot":{"x":-5.822208881378174,"y":4.740705490112305,"z":-14.624534606933594},"rotation":{"x":0.14882327616214753,"y":0.8493671417236328,"z":-0.3264131247997284,"w":0.3872731626033783},"size":17.984508514404298,"orthographic":false}